Symbol,Name,Last Sale,Net Change,% Change,Market Cap,Country,IPO Year,Volume,Sector,Industry
ACCS,ACCESS Newswire Inc. Common Stock,$7.03,0.11,1.59%,27197847.00,United States,,10106,Consumer Discretionary,Publishing
ACU,Acme United Corporation. Common Stock,$44.85,-1.15,-2.50%,170798891.00,United States,1988,10245,Consumer Discretionary,Industrial Machinery/Components
AEF,abrdn Emerging Markets ex-China Fund Inc. Common Stock,$7.80,0.09,1.167%,837427500.00,United States,,135143,Finance,Finance/Investors Services
AEON,AEON Biopharma Inc. Class A Common Stock,$1.16,0.02,1.754%,29351547.00,United States,,31262,Health Care,Biotechnology: Pharmaceutical Preparations
AGIG,Abundia Global Impact Group Inc. Common stock,$1.78,0.03,1.714%,67028180.00,United States,,210983,Energy,Oil & Gas Production
AIB,BlockchAIn Digital Infrastructure Inc Common Shares,$2.90,2.90,,84754112.00,,2026,1543800,Finance,Investment Bankers/Brokers/Service
AIM,AIM ImmunoTech Inc. Common Stock,$0.71,-0.0214,-2.926%,2828316.00,,,76951,Health Care,Biotechnology: Biological Products (No Diagnostic Substances)
AIRI,Air Industries Group Common Stock,$3.30,-0.05,-1.493%,15760064.00,United States,,106778,Industrials,Military/Government/Technical
AMBO,Ambow Education Holding Ltd. American Depository Shares (each representing twenty (20) Class A Ordinary Shares),$2.19,0.20,10.05%,6264105.00,China,,19437,Real Estate,Other Consumer Services
AMS,American Shared Hospital Services Common Stock,$2.06,-0.05,-2.37%,13478580.00,United States,1988,3642,Health Care,Medical Specialities
AMZE,Amaze Holdings Inc. Common Stock,$0.2818,-0.0062,-2.153%,10044953.00,,2021,1016948,Consumer Staples,Beverages (Production/Distribution)
APT,Alpha Pro Tech Ltd. Common Stock,$4.80,-0.14,-2.834%,48890050.00,Canada,2000,44284,Health Care,Industrial Specialties
APUS,Apimeds Pharmaceuticals US Inc. Common Stock,$1.66,0.02,1.22%,20876132.00,,2025,232897,Health Care,Biotechnology: Pharmaceutical Preparations
AREN,The Arena Group Holdings Inc. Common Stock,$2.20,-0.78,-26.174%,104726138.00,United States,2022,252140,Technology,EDP Services
ARMP,Armata Pharmaceuticals Inc. Common Stock,$9.61,-0.08,-0.826%,349870357.00,United States,,13991,Health Care,Biotechnology: Biological Products (No Diagnostic Substances)
ASM,Avino Silver & Gold Mines Ltd. Common Shares (Canada),$6.93,-0.11,-1.563%,1163849488.00,Canada,,3020052,Basic Materials,Metal Mining
ATCH,AtlasClear Holdings Inc. Common Stock,$0.2029,-0.0034,-1.648%,30372607.00,,2024,1759821,Finance,Finance: Consumer Services
ATNM,Actinium Pharmaceuticals Inc. (Delaware) Common Stock,$1.14,0.03,2.703%,35563316.00,United States,,67112,Health Care,Biotechnology: Pharmaceutical Preparations
AUST,Austin Gold Corp. Common Shares,$1.45,-0.01,-0.685%,19854851.00,,2022,115678,Basic Materials,Precious Metals
AWX,Avalon Holdings Corporation Common Stock,$2.61,0.05,1.953%,10177515.00,United States,1998,4714,Utilities,Environmental Services
AXIL,AXIL Brands Inc. Common Stock,$5.66,-0.06,-1.049%,38503378.00,,2024,3945,Consumer Discretionary,Package Goods/Cosmetics
AZTR,Azitra Inc Common Stock,$0.1583,-0.0036,-2.224%,2563263.00,,2023,324699,Health Care,Biotechnology: Pharmaceutical Preparations
BATL,Battalion Oil Corporation Common Stock,$11.33,-3.62,-24.214%,186452859.00,United States,,7321291,Energy,Oil & Gas Production
BCHT,Birchtech Corp. Common Stock,$2.16,0.03,1.408%,42024887.00,,2026,53196,Industrials,Industrial Machinery/Components
BCV,Bancroft Fund Ltd.,$22.23,-0.46,-2.027%,0.00,United States,1972,13106,Finance,Finance/Investors Services
BCV^A,Bancroft Fund Limited 5.375% Series A Cumulative Preferred Shares,$21.66,0.00,0.00%,,United States,,16,,
BDL,Flanigan's Enterprises Inc. Common Stock,$32.98,-1.62,-4.682%,61298178.00,United States,1972,870,Consumer Discretionary,Restaurants
BESS,Bimergen Energy Corporation Common Stock,$2.725,-0.025,-0.909%,19976719.00,,2026,37245,Utilities,Electric Utilities: Central
BGI,Birks Group Inc. Common Stock,$0.69,-0.0099,-1.414%,13520334.00,Canada,,2313,Consumer Discretionary,Consumer Specialties
BHB,Bar Harbor Bankshares Inc. Common Stock,$32.00,0.42,1.33%,535747328.00,United States,1997,209571,Finance,Major Banks
BHM,Bluerock Homes Trust Inc. Class A Common Stock,$10.46,0.45,4.496%,42421607.00,,2022,39468,Real Estate,Real Estate Investment Trusts
BKTI,BK Technologies Corporation Common Stock,$78.43,2.43,3.197%,296897000.00,United States,,99964,Technology,Radio And Television Broadcasting And Communications Equipment
BMNR,BitMine Immersion Technologies Inc. Common Stock,$23.23,-0.16,-0.684%,10566454737.00,United States,2025,39542250,Finance,Finance: Consumer Services
BQ,Boqii Holding Limited Class A Ordinary Shares,$1.135,-0.0781,-6.438%,3166305.00,,2025,59488,Consumer Discretionary,Other Specialty Stores
BRBS,Blue Ridge Bankshares Inc. Common Stock,$3.98,0.02,0.505%,363535114.00,United States,,295634,Finance,Major Banks
BRIA,BrilliA Inc Class A Ordinary Shares,$1.9621,-0.0078,-0.396%,60089313.00,,2024,2297,Consumer Discretionary,Apparel
BRN,Barnwell Industries Inc. Common Stock,$1.06,0.01,0.952%,13320293.00,United States,1965,87103,Energy,Oil & Gas Production
BTG,B2Gold Corp Common shares (Canada),$4.84,0.00,0.00%,6488609783.00,Canada,,24911059,Basic Materials,Precious Metals
BUDA,Buda Juice Inc. Common Stock,$9.43,-0.54,-5.416%,119446670.00,,2026,15781,Consumer Staples,Beverages (Production/Distribution)
BURU,Nuburu Inc. Common Stock,$0.1691,-0.0234,-12.156%,20640402.00,United States,,22815114,Miscellaneous,Industrial Machinery/Components
CANF,Can-Fite Biopharma Ltd American Depositary Shares each representing two (2) Ordinary Shares,$3.43,-0.15,-4.19%,4490597.00,Israel,,44380,Health Care,Biotechnology: Pharmaceutical Preparations
CATX,Perspective Therapeutics Inc. Common Stock,$4.95,-0.27,-5.172%,563970508.00,United States,,1556659,Health Care,Medical/Dental Instruments
CCEL,Cryo-Cell International Inc. Common Stock,$2.94,0.05,1.73%,23682141.00,United States,2022,16574,Health Care,Misc Health and Biotechnology Services
CET,Central Securities Corporation Common Stock,$50.56,0.01,0.02%,12236794112.00,United States,1951,30582,Finance,Finance/Investors Services
CEV,Eaton Vance California Municipal Income Trust Shares of Beneficial Interest,$10.45,-0.01,-0.096%,73500859.00,United States,1999,3627,Finance,Finance/Investors Services
CHOW,ChowChow Cloud International Holdings Limited Ordinary Shares,$0.4585,-0.0182,-3.818%,16093350.00,,2025,174439,Technology,Computer Software: Prepackaged Software
CIK,Credit Suisse Asset Management Income Fund Inc. Common Stock,$2.58,0.02,0.781%,0.00,United States,,176711,Finance,Finance/Investors Services
CITR,CitroTech Inc. Common Stock,$7.77,-0.72,-8.481%,146101097.00,,,93372,Industrials,Environmental Services
CIX,CompX International Inc. Common Stock,$23.21,-0.06,-0.258%,286018153.00,United States,1998,6062,Consumer Discretionary,Industrial Machinery/Components
CKX,CKX Lands Inc. Common Stock,$10.75,0.00,0.00%,22071137.00,United States,2003,112,Energy,Oil & Gas Production
CLDI,Calidi Biotherapeutics Inc. Common Stock,$0.3135,-0.0105,-3.241%,2309553.00,,2021,233065,Health Care,Biotechnology: Biological Products (No Diagnostic Substances)
CLM,Cornerstone Strategic Investment Fund Inc. Common Shares,$7.39,0.00,0.00%,0.00,United States,2003,1223335,Finance,Finance/Investors Services
CMCL,Caledonia Mining Corporation Plc Common Shares,$24.85,-0.70,-2.74%,479475382.00,Canada,,150954,Basic Materials,Precious Metals
CMT,Core Molding Technologies Inc Common Stock,$20.46,0.71,3.595%,180727906.00,United States,1996,25518,Industrials,Plastic Products
CNL,Collective Mining Ltd. Common Shares,$16.64,-0.30,-1.771%,1535285423.00,,2024,63617,,
COE,51Talk Online Education Group American depositary shares each representing 60 Class A ordinary shares,$19.3001,-0.1999,-1.025%,113088453.00,China,2016,2968,Real Estate,Other Consumer Services
COHN,Cohen & Company Inc.,$16.73,-0.28,-1.646%,40964392.00,United States,,10620,Finance,Investment Bankers/Brokers/Service
CPHI,China Pharma Holdings Inc. Common Stock,$0.6106,-0.0094,-1.516%,3066434.00,China,,26105,Health Care,Biotechnology: Pharmaceutical Preparations
CRF,Cornerstone Total Return Fund Inc. (The) Common Stock,$7.13,0.05,0.706%,0.00,United States,2003,721978,Finance,Finance/Investors Services
CTGO,Contango ORE Inc. Common Stock,$21.25,-1.48,-6.511%,357453071.00,United States,2021,421525,Basic Materials,Precious Metals
CTM,Castellum Inc. Common Stock,$0.8156,-0.0094,-1.139%,77166159.00,,2022,633671,Consumer Discretionary,Professional Services
CVM,Cel-Sci Corporation Common Stock,$3.60,0.07,1.983%,30448681.00,United States,1997,24174,Health Care,Biotechnology: Biological Products (No Diagnostic Substances)
CVR,Chicago Rivet & Machine Co. Common Stock,$14.25,-0.25,-1.724%,13767381.00,United States,1930,6363,Industrials,Industrial Machinery/Components
CVU,CPI Aerostructures Inc. Common Stock,$4.46,0.02,0.45%,58806211.00,United States,2022,78427,Industrials,Military/Government/Technical
DC,Dakota Gold Corp. Common Stock,$5.42,-0.16,-2.867%,613880549.00,United States,2022,2073094,Basic Materials,Metal Mining
DDC,DDC Enterprise Limited Class A Ordinary Shares,$2.30,0.00,0.00%,56144219.00,,2023,81728,Consumer Staples,Packaged Foods
DHY,Credit Suisse High Yield Credit Fund Common Stock,$1.89,0.04,2.162%,0.00,United States,1998,666273,Finance,Finance/Investors Services
DIT,AMCON Distributing Company Common Stock,$115.90,0.00,0.00%,75417173.00,United States,1999,291,Consumer Discretionary,Food Distributors
DNN,Denison Mines Corp Ordinary Shares (Canada),$3.71,0.05,1.366%,3349996269.00,Canada,,31265182,Basic Materials,Other Metals and Minerals
DSS,DSS Inc. Common Stock,$0.961,0.021,2.234%,8737910.00,United States,,20486,Consumer Discretionary,Containers/Packaging
DVS,Dolly Varden Silver Corporation Common Shares,$3.56,-0.24,-6.316%,327518117.00,,2025,1646393,,
DXF,Eason Technology Limited American Depositary Shares (each representing sixty-thousand (60000) Ordinary Shares),$1.10,-0.10,-8.333%,1526740.00,,,42111,Finance,Finance: Consumer Services
EAD,Allspring Income Opportunities Fund Common Shares,$6.64,0.05,0.759%,0.00,United States,2003,134001,Finance,Finance/Investors Services
ECF,Ellsworth Growth and Income Fund Ltd.,$11.50,-0.10,-0.862%,0.00,United States,1986,20159,Finance,Finance/Investors Services
ECF^A,Ellsworth Growth and Income Fund Ltd. 5.25% Series A Cumulative Preferred Shares (Liquidation Preference $25.00 per share),$21.645,0.00,0.00%,,United States,,154,,
EIM,Eaton Vance Municipal Bond Fund Common Shares of Beneficial Interest $.01 par value,$9.90,-0.01,-0.101%,0.00,United States,2002,83455,Finance,Finance/Investors Services
ELA,Envela Corporation Common Stock,$12.12,0.05,0.414%,314677329.00,United States,,52402,Consumer Discretionary,Consumer Specialties
ELLO,Ellomay Capital Ltd Ordinary Shares (Israel),$25.50,-0.07,-0.274%,327740918.00,Israel,,5583,Utilities,Electric Utilities: Central
ELMD,Electromed Inc. Common Stock,$23.93,0.14,0.588%,198028240.00,United States,2011,34798,Health Care,Biotechnology: Electromedical & Electrotherapeutic Apparatus
EONR,EON Resources Inc. Class A Common Stock,$1.03,-0.31,-23.134%,51467394.00,,2022,45464847,Energy,Oil & Gas Production
EP,Empire Petroleum Corporation Common Stock,$3.07,0.02,0.656%,108766441.00,United States,2022,76915,Energy,Oil & Gas Production
EPM,Evolution Petroleum Corporation Inc. Common Stock,$4.49,-0.10,-2.179%,157167260.00,United States,,390182,Energy,Oil & Gas Production
EQX,Equinox Gold Corp. Common Shares,$14.45,-0.43,-2.89%,11390673730.00,Canada,,6692350,Basic Materials,Precious Metals
ERC,Allspring Multi-Sector Income Fund Common Stock,$9.05,0.09,1.004%,0.00,United States,2003,44968,Finance,Finance/Investors Services
ERH,Allspring Utilities and High Income Fund Common Shares,$12.3901,0.0801,0.651%,0.00,,2004,10010,Finance,Finance/Investors Services
ESP,Espey Mfg. & Electronics Corp. Common Stock,$55.78,0.29,0.523%,165044263.00,United States,1960,8902,Technology,Industrial Machinery/Components
EVI,EVI Industries Inc.  Common Stock,$20.54,0.63,3.164%,264188540.00,United States,1999,33719,Consumer Discretionary,Other Consumer Services
EVV,Eaton Vance Limited Duration Income Fund Common Shares of Beneficial Interest,$9.47,0.01,0.106%,0.00,United States,2003,180521,Finance,Finance/Investors Services
EXOD,Exodus Movement Inc. Class A Common Stock,$9.24,-0.08,-0.858%,275462113.00,United States,,92716,Finance,Finance: Consumer Services
FAX,abrdn Asia-Pacific Income Fund Inc. Common Stock,$15.28,-0.16,-1.036%,0.00,United States,1986,175650,Finance,Investment Managers
FCO,abrdn Global Income Fund Inc. Common Stock,$3.21,0.04,1.262%,0.00,United States,1992,222562,Finance,Investment Managers
FJET,Starfighters Space Inc. Common Stock,$8.08,0.85,11.757%,355079414.00,,2025,1189734,Consumer Discretionary,Air Freight/Delivery Services
FLYX,flyExclusive Inc. Class A Common Stock,$2.65,0.19,7.724%,250032880.00,,2023,18479292,Consumer Discretionary,Transportation Services
FSI,Flexible Solutions International Inc. Common Stock (CDA),$5.55,0.05,0.909%,70693114.00,Canada,2002,16581,Industrials,Major Chemicals
FSP,Franklin Street Properties Corp. Common Stock,$0.60,-0.0001,-0.017%,62214204.00,United States,,459444,Real Estate,Real Estate Investment Trusts
FTF,Franklin Limited Duration Income Trust Common Shares of Beneficial Interest,$5.97,0.01,0.168%,241220083.00,United States,2003,121431,Finance,Finance/Investors Services
FURY,Fury Gold Mines Limited Common Shares,$0.602,0.0009,0.15%,113864266.00,,2020,501282,Basic Materials,Precious Metals
GAU,Galiano Gold Inc.,$2.59,-0.02,-0.766%,672857232.00,Canada,,3093977,Industrials,Mining & Quarrying of Nonmetallic Minerals (No Fuels)
GBR,New Concept Energy Inc Common Stock,$0.8879,-0.0221,-2.429%,4556644.00,United States,1993,152247,Energy,Oil & Gas Production
GCDT,Green Circle Decarbonize Technology Limited Ordinary Shares,$1.86,-0.02,-1.064%,23250000.00,,2026,20254,Industrials,Industrial Machinery/Components
GENC,Gencor Industries Inc. Common Stock,$14.63,0.12,0.827%,214442180.00,United States,,17653,Industrials,Construction/Ag Equipment/Trucks
GGN,GAMCO Global Gold Natural Resources & Income Trust,$5.29,-0.04,-0.75%,0.00,United States,2005,521640,Finance,Finance/Investors Services
GGN^B,GAMCO Global Gold Natural Reources & Income Trust 5.00% Series B Cumulative 25.00 Liquidation Preference,$20.3799,-0.0101,-0.05%,,United States,,7099,,
GLDG,GoldMining Inc. Common Shares,$1.36,-0.06,-4.225%,290710161.00,,,1908677,Basic Materials,Precious Metals
GLO,Clough Global Opportunities Fund Common Stock,$5.75,0.02,0.349%,0.00,United States,2006,134592,Finance,Finance/Investors Services
GLQ,Clough Global Equity Fund Clough Global Equity Fund Common Shares of Beneficial Interest,$7.83,0.08,1.032%,0.00,United States,2005,60807,Finance,Finance/Investors Services
GLU,Gabelli Global Utility Common Shares of Beneficial Ownership,$19.93,-0.19,-0.944%,118960396.00,United States,2004,1759,Finance,Finance/Investors Services
GLU^B,The Gabelli Global Utility and Income Trust Series B Cumulative Puttable and Callable Preferred Shares,$50.77,0.04,0.079%,,United States,,791,,
GLV,Clough Global Dividend and Income Fund Common Shares of beneficial interest,$6.08,0.00,0.00%,77274265.00,United States,2004,69922,Finance,Finance/Investors Services
GNS,Genius Group Limited Ordinary Shares,$0.4071,0.0421,11.534%,65070524.00,Singapore,2022,1555218,Consumer Discretionary,Services-Misc. Amusement & Recreation
GORO,Gold Resource Corporation Common Stock,$1.24,-0.06,-4.615%,200589449.00,United States,,1132133,Basic Materials,Precious Metals
GPUS,Hyperscale Data Inc. Common Stock,$0.1617,-0.0027,-1.642%,62220898.00,United States,1997,14868215,Technology,Industrial Machinery/Components
GPUS^D,Hyperscale Data Inc. 13.00% Series D Cumulative Redeemable Perpetual Preferred Stock,$21.0725,-0.4275,-1.988%,,United States,,974,,
GRAF,Graf Global Corp. Class A ordinary shares,$10.705,0.025,0.234%,0.00,,2024,3058,,
GRF,Eagle Capital Growth Fund Inc. Common Stock,$10.4847,-0.1053,-0.994%,0.00,United States,,3478,Finance,Finance/Investors Services
GRO,Brazil Potash Corp. Common Shares,$3.74,0.53,16.511%,199592913.00,,2024,1104052,Industrials,Mining & Quarrying of Nonmetallic Minerals (No Fuels)
GROY,Gold Royalty Corp. Common Shares,$3.85,-0.06,-1.535%,669633307.00,Canada,2021,1754521,Basic Materials,Precious Metals
GTE,Gran Tierra Energy Inc. Common Stock,$8.72,0.29,3.44%,307719949.00,Canada,,592400,Energy,Oil & Gas Production
HCWC,Healthy Choice Wellness Corp. Class A Common Stock,$0.2983,0.0053,1.809%,6786571.00,,2024,135858,Consumer Staples,Food Chains
HSLV,Highlander Silver Corp. Common Shares,$6.14,0.11,1.824%,1248180142.00,,,341062,,
HYLN,Hyliion Holdings Corp. Class A Common Stock,$1.93,-0.05,-2.525%,343178673.00,United States,2019,752522,Consumer Discretionary,Construction/Ag Equipment/Trucks
IAF,abrdn Australia Equity Fund Inc. Common Stock,$12.74,-0.10,-0.779%,0.00,United States,1985,30441,Finance,Finance/Investors Services
IAUX,i-80 Gold Corp. Common Shares,$1.62,-0.05,-2.994%,1360965694.00,Canada,2022,5820738,Basic Materials,Precious Metals
IBO,Impact BioMedical Inc. Common Stock,$0.441,0.0022,0.501%,47549163.00,,2024,237012,Health Care,Biotechnology: Pharmaceutical Preparations
IDR,Idaho Strategic Resources Inc. Common Stock,$33.65,-1.13,-3.249%,524683385.00,United States,2022,191609,Basic Materials,Precious Metals
IE,Ivanhoe Electric Inc. Common Stock,$12.38,-0.20,-1.59%,1937589455.00,Canada,2022,1426147,Basic Materials,Metal Mining
IGC,IGC Pharma Inc. Common Stock,$0.289,0.0093,3.325%,27691409.00,United States,,355236,Health Care,Biotechnology: Pharmaceutical Preparations
IHT,InnSuites Hospitality Trust Shares of Beneficial Interest,$1.0535,0.0035,0.333%,9697293.00,United States,1999,4019,Finance,Investment Bankers/Brokers/Service
IMO,Imperial Oil Limited Common Stock,$124.90,1.60,1.298%,60400765700.00,Canada,1929,645365,Energy,Integrated oil Companies
INDO,Indonesia Energy Corporation Limited Ordinary Shares,$4.09,-0.26,-5.977%,61298769.00,,2019,2423491,Energy,Oil & Gas Production
INFU,InfuSystems Holdings Inc. Common Stock,$9.83,0.26,2.717%,198715013.00,United States,,136654,Health Care,Medical/Dental Instruments
INLX,Intellinetics Inc. Common Stock,$7.56,-0.03,-0.395%,33862170.00,,2022,440,Technology,Computer Software: Prepackaged Software
INTT,inTest Corporation Common Stock,$14.46,-0.01,-0.069%,180685566.00,United States,1997,98248,Industrials,Electrical Products
INUV,Inuvo Inc.,$2.53,-0.02,-0.784%,37225724.00,United States,,300507,Consumer Discretionary,Advertising
IOR,Income Opportunity Realty Investors Inc. Common Stock,$17.56,0.00,0.00%,71402086.00,United States,1987,14,Real Estate,Real Estate Investment Trusts
ISOU,IsoEnergy Ltd. Common Shares,$11.50,0.10,0.877%,696395921.00,,2025,99387,,
ITP,IT Tech Packaging Inc. Common Stock,$0.189,-0.0001,-0.053%,3206464.00,China,,150337,Consumer Discretionary,Containers/Packaging
ITRG,Integra Resources Corp. Common Shares,$3.19,-0.07,-2.147%,642747709.00,,,4446202,Basic Materials,Precious Metals
JAGU,Jaguar Uranium Corp. Class A Common Shares,$1.61,-0.04,-2.424%,30665847.00,,2026,384271,,
JOB,GEE Group Inc. Common Stock,$0.2516,0.0006,0.239%,27643465.00,United States,1968,690557,Consumer Discretionary,Diversified Commercial Services
KAPA,Kairos Pharma Ltd. Common Stock,$0.58,-0.03,-4.918%,12076385.00,,2024,85628,Health Care,Biotechnology: Pharmaceutical Preparations
KNRX,KNOREX LTD. Class A Ordinary Shares,$1.10,0.02,1.852%,33465424.00,,2025,144764,Technology,Computer Software: Programming Data Processing
KULR,KULR Technology Group Inc. Common Stock,$2.72,-0.06,-2.158%,124255113.00,United States,,963227,Technology,Electrical Products
LCTX,Lineage Cell Therapeutics Inc. Common Stock,$1.58,-0.02,-1.25%,393558296.00,United States,,735764,Health Care,Biotechnology: Biological Products (No Diagnostic Substances)
LEGO,Legato Merger Corp. IV Ordinary Shares,$9.95,0.00,0.00%,301555008.00,,2026,557,Industrials,Steel/Iron Ore
LEGT,Legato Merger Corp. III Ordinary Shares,$10.98,0.01,0.091%,0.00,,2024,86047,,
LGCY,Legacy Education Inc. Common Stock,$13.93,0.15,1.089%,175700288.00,,2024,17777,Real Estate,Other Consumer Services
LGL,LGL Group Inc. (The) Common Stock,$7.16,-0.135,-1.851%,39605805.00,United States,1946,2265,Technology,Industrial Machinery/Components
LGPS,LogProstyle Inc. Common Shares,$0.81,-0.01,-1.22%,19158209.00,,2025,14917,Consumer Discretionary,Homebuilding
LODE,Comstock Inc. Common Stock,$3.12,0.08,2.632%,222680228.00,United States,,932084,Industrials,Major Chemicals
LPA,Logistic Properties of the Americas Ordinary Shares,$2.60,0.01,0.386%,95064390.00,,2024,4470,Finance,Real Estate
LSF,Laird Superfood Inc. Common Stock,$2.42,-0.16,-6.202%,25861398.00,,2020,27152,Consumer Staples,Packaged Foods
LUD,Luda Technology Group Limited Ordinary Shares,$3.81,0.21,5.833%,86448900.00,,2025,55790,Industrials,Steel/Iron Ore
LXFR,Luxfer Holdings PLC Ordinary Shares,$11.81,0.01,0.085%,314623526.00,United Kingdom,2012,370529,Basic Materials,Major Chemicals
MAIA,MAIA Biotechnology Inc. Common Stock,$1.50,-0.04,-2.597%,57989369.00,,2022,619189,Health Care,Biotechnology: Pharmaceutical Preparations
MCRP,Micropolis AI Robotics Ordinary Shares,$3.84,0.26,7.263%,133971636.00,,2025,226976,Consumer Discretionary,Auto Parts:O.E.M.
MGLD,The Marygold Companies Inc. Common Stock,$0.99,-0.03,-2.941%,42383100.00,,2022,44394,Finance,Finance: Consumer Services
MHH,Mastech Digital Inc Common Stock,$5.61,-0.46,-7.578%,65622027.00,United States,,5600,Consumer Discretionary,Professional Services
MI,NFT Limited Class A Ordinary Share,$0.4848,-0.0859,-15.052%,6941565.00,,2023,797307,Consumer Discretionary,Other Specialty Stores
MINE,Mayfair Gold Corp. Common Shares,$3.38,0.00,0.00%,225775871.00,,2026,82819,Energy,Oil & Gas Production
MITQ,Moving iMage Technologies Inc. Common Stock,$0.568,-0.0121,-2.086%,5648825.00,United States,2021,7752,Consumer Discretionary,Industrial Machinery/Components
MLSS,Milestone Scientific Inc. Common Stock,$0.2828,0.008,2.911%,22236257.00,United States,2015,43037,Health Care,Industrial Specialties
MMA,Mixed Martial Arts Group Limited Ordinary Shares,$0.425,-0.0118,-2.701%,11255505.00,,2024,426517,Consumer Discretionary,Other Consumer Services
MPTI,M-tron Industries Inc. Common Stock,$64.10,-2.90,-4.328%,187800052.00,United States,2022,24764,Technology,Industrial Machinery/Components
MPU,Mega Matrix Inc. Class A Ordinary Shares,$0.8637,-0.0389,-4.31%,58571930.00,United States,1998,29098,Consumer Discretionary,Diversified Commercial Services
MRT,Marti Technologies Inc. Class A Ordinary Shares,$2.09,0.00,0.00%,164500713.00,,2021,18446,Consumer Discretionary,Rental/Leasing Companies
MSN,Emerson Radio Corporation Common Stock,$0.367,-0.018,-4.675%,7722653.00,United States,1994,14971,Consumer Staples,Consumer Electronics/Appliances
MTA,Metalla Royalty & Streaming Ltd. Common Shares,$7.83,-0.09,-1.136%,724755652.00,,,785156,Basic Materials,Precious Metals
MTNB,Matinas Biopharma Holdings Inc. Common Stock,$0.6376,0.0239,3.894%,4084587.00,United States,2017,14107,Health Care,Biotechnology: Pharmaceutical Preparations
MWG,Multi Ways Holdings Limited Class A Ordinary Shares,$1.94,0.04,2.105%,9975480.00,,2023,5391,Consumer Discretionary,Miscellaneous manufacturing industries
MXC,Mexco Energy Corporation Common Stock,$10.97,-0.53,-4.609%,22444620.00,United States,2003,50509,Energy,Oil & Gas Production
MYND,Mynd.ai Inc. American Depositary Shares,$0.3801,-0.0889,-18.955%,17350722.00,,2017,21767,Real Estate,Other Consumer Services
MYO,Myomo Inc. Common Stock,$0.7212,-0.0186,-2.514%,27774649.00,United States,2017,241594,Health Care,Industrial Specialties
NAK,Northern Dynasty Minerals Ltd. Common Stock,$1.29,-0.06,-4.444%,712768424.00,Canada,,7994387,Basic Materials,Precious Metals
NBH,Neuberger Municipal Fund Inc. Common Stock,$10.23,-0.02,-0.195%,0.00,United States,2002,111049,Finance,Finance/Investors Services
NBY,NovaBay Pharmaceuticals Inc. Common Stock,$1.36,-0.09,-6.207%,35529565.00,United States,2007,448669,Health Care,Biotechnology: Pharmaceutical Preparations
NCL,Northann Corp. Common Stock,$0.1671,0.0098,6.23%,3800373.00,,2023,260129,Industrials,Plastic Products
NEN,New England Realty Associates Limited Partnership Class A Depositary Receipts Evidencing Units of Limited Partnership,$62.01,0.02,0.032%,180113874.00,United States,,286,Real Estate,Building operators
NEWP,New Pacific Metals Corp. Common Shares,$4.13,-0.12,-2.824%,874680504.00,Canada,2021,880273,Basic Materials,Precious Metals
NFGC,New Found Gold Corp Common Shares,$2.15,-0.06,-2.715%,527022459.00,,2021,2566814,Basic Materials,Precious Metals
NG,Novagold Resources Inc.,$9.74,-0.41,-4.039%,3964126732.00,Canada,2003,3227215,Basic Materials,Precious Metals
NGD,New Gold Inc.,$10.34,0.02,0.194%,8186178000.00,Canada,,11641751,Basic Materials,Metal Mining
NHC,National HealthCare Corporation Common Stock,$162.67,-2.29,-1.388%,2528104735.00,United States,1986,127918,Health Care,Hospital/Nursing Management
NHS,Neuberger High Yield Strategies Fund Inc. Common Stock,$6.84,-0.03,-0.437%,0.00,United States,,1088520,Finance,Trusts Except Educational Religious and Charitable
NML,Neuberger Energy Infrastructure and Income Fund Inc. Common Stock,$10.24,0.19,1.891%,0.00,United States,2013,154609,Finance,Finance/Investors Services
NNVC,NanoViricides Inc. Common Stock,$1.13,-0.01,-0.877%,24402350.00,United States,,102529,Health Care,Biotechnology: Pharmaceutical Preparations
NRO,Neuberger Real Estate Securities Income Fund Inc. Common Stock,$2.97,0.01,0.338%,0.00,United States,2003,128006,Finance,Finance/Investors Services
NRXS,Neuraxis Inc. Common Stock,$7.21,0.16,2.27%,76806775.00,,2023,426418,Health Care,Biotechnology: Electromedical & Electrotherapeutic Apparatus
NSRX,Nasus Pharma Ltd. Ordinary Shares,$2.79,-0.31,-10.00%,32673154.00,,2025,450076,Health Care,Biotechnology: Pharmaceutical Preparations
NTIP,Network-1 Technologies Inc. Common Stock,$1.48,0.03,2.069%,33734096.00,United States,,51099,Miscellaneous,Multi-Sector Companies
OBE,Obsidian Energy Ltd. Common Shares,$8.55,0.05,0.588%,575474431.00,Canada,2022,1498144,Energy,Oil & Gas Production
OGEN,Oragenics Inc. Common Stock,$0.7759,-0.0241,-3.013%,3364325.00,United States,,167794,Health Care,Biotechnology: Pharmaceutical Preparations
OPHC,OptimumBank Holdings Inc. Common Stock,$5.43,0.01,0.185%,66063753.00,United States,,11009,Finance,Major Banks
OPP^C,RiverNorth/DoubleLine Strategic Opportunity Fund Inc. 6.00% Series C Term Preferred Stock (Liquidation Preference $10.00 per share),$10.13,-0.0599,-0.588%,,United States,,261,,
OPTT,Ocean Power Technologies Inc. Common Stock,$0.39,-0.0229,-5.546%,76034375.00,United States,2007,6443191,Utilities,Electric Utilities: Central
ORLA,Orla Mining Ltd. Common Shares,$16.11,-0.43,-2.60%,5475728104.00,,2020,1815762,Basic Materials,Precious Metals
OSTX,OS Therapies Incorporated Common Stock,$1.53,0.03,2.00%,53877959.00,,2024,237963,Health Care,Biotechnology: Pharmaceutical Preparations
OTH,Off The Hook YS Inc. Common Stock,$2.31,-0.11,-4.545%,54862500.00,,2025,11833,Industrials,Marine Transportation
OZ,Belpointe PREP LLC Class A Units,$55.28,-0.49,-0.879%,215104265.00,,,24942,Real Estate,Real Estate Investment Trusts
PAPL,Pineapple Financial Inc. Common Stock,$0.6595,-0.0285,-4.142%,17205465.00,,,49438,Finance,Finance: Consumer Services
PCG^A,Pacific Gas & Electric Co. 6% Preferred Stock,$22.36,-0.04,-0.179%,,United States,,4728,,
PCG^B,Pacific Gas & Electric Co. 5 1/2% Preferred Stock,$20.45,0.00,0.00%,,United States,,348,,
PCG^C,Pacific Gas & Electric Co. 5% 1st Preferred Stock,$19.00,0.00,0.00%,,United States,,9,,
PCG^D,Pacific Gas & Electric Co. 5% 1st  Red. Preferred Stock,$19.00,0.00,0.00%,,United States,,134,,
PCG^E,Pacific Gas & Electric Co. 5% 1st A Preferred Stock,$19.20,-1.05,-5.185%,,United States,,1539,,
PCG^G,Pacific Gas & Electric Co. 4.80% 1st Preferred Stock,$17.8219,0.00,0.00%,,United States,,7,,
PCG^H,Pacific Gas & Electric Co. 4.50% 1st Preferred Stock,$17.30,0.00,0.00%,,United States,,4,,
PCG^I,Pacific Gas & Electric Co. 4.36% 1st Preferred Stock,$16.97,-0.005,-0.029%,,United States,,611,,
PED,Pedevco Corp. Common Stock,$16.81,0.39,2.375%,223586700.00,United States,,31128,Energy,Oil & Gas Production
PHGE,BiomX Inc. COmmon Stock,$5.23,-0.25,-4.562%,8335067.00,,2019,73758,Health Care,Biotechnology: Biological Products (No Diagnostic Substances)
PHXE^,Phoenix Energy One LLC Series A Cumulative Redeemable Preferred Shares,$23.35,0.375,1.632%,,,,3226,,
PLAG,Planet Green Holdings Corp. Common Stock,$1.49,-1.15,-43.561%,13980244.00,China,,316637,Consumer Staples,Packaged Foods
PLG,Platinum Group Metals Ltd. Ordinary Shares (Canada),$1.93,-0.02,-1.026%,238171725.00,Canada,,1650976,Basic Materials,Precious Metals
PLX,Protalix BioTherapeutics Inc. (DE) Common Stock,$2.79,-0.08,-2.787%,224375095.00,Israel,,715515,Health Care,Biotechnology: Biological Products (No Diagnostic Substances)
PMI,Picard Medical Inc. Common Stock,$1.14,-0.13,-10.236%,84019341.00,,2025,158204,Health Care,Medical/Dental Instruments
PMNT,Perfect Moment Ltd. Common Stock,$0.23,-0.0041,-1.751%,10780330.00,United Kingdom,2024,195929,Consumer Discretionary,Apparel
POAS,Phaos Technology Holdings (Cayman) Limited Class A Ordinary Shares,$1.56,-0.11,-6.587%,44346122.00,,2025,112410,Industrials,Industrial Machinery/Components
PRK,Park National Corporation Common Stock,$156.33,-1.48,-0.938%,2824319218.00,United States,1994,93782,Finance,Major Banks
PTHS,Pelthos Therapeutics Inc. Common Stock,$23.85,-0.15,-0.625%,77167701.00,,2024,883,Health Care,Biotechnology: Biological Products (No Diagnostic Substances)
PTN,Palatin Technologies Inc. Common Stock,$23.23,0.71,3.153%,41168183.00,United States,,11073,Health Care,Biotechnology: Pharmaceutical Preparations
PW,Power REIT (MD) Common Stock,$0.8971,-0.0018,-0.20%,3040865.00,United States,1998,7839,Real Estate,Real Estate Investment Trusts
PW^A,Power REIT 7.75% Series A Cumulative Perpetual Preferred Stock,$7.00,0.07,1.01%,,United States,,1788,,
PZG,Paramount Gold Nevada Corp. Common Stock,$1.96,-0.09,-4.39%,164273954.00,United States,2015,905380,Basic Materials,Metal Mining
QNC,Quantum eMotion Corp. Common Shares,$2.56,-0.40,-13.514%,551778995.00,,2026,1018475,,
RCG,RENN Fund Inc Common Stock,$3.195,0.019,0.598%,0.00,United States,,22636,Finance,Investment Managers
REED,Reed's Inc. Common Stock,$4.55,0.13,2.941%,0.00,,2025,77387,,
REI,Ring Energy Inc. Common Stock,$1.48,0.02,1.37%,309904763.00,United States,,4592636,Energy,Oil & Gas Production
REPX,Riley Exploration Permian Inc. Common Stock,$33.79,0.12,0.356%,728763392.00,United States,1999,367700,Energy,Oil & Gas Production
RGNT,Regentis Biomaterials Ltd. Ordinary Shares,$3.3672,0.1871,5.883%,17440002.00,,2025,10330,Health Care,Biotechnology: Pharmaceutical Preparations
RLGT,Radiant Logistics Inc. Common Stock,$6.94,-0.02,-0.287%,324976215.00,United States,,114354,Industrials,Integrated Freight & Logistics
ROLR,High Roller Technologies Inc. Common Stock,$4.30,0.46,11.979%,46827421.00,,2024,160635,Consumer Discretionary,Services-Misc. Amusement & Recreation
RVP,Retractable Technologies Inc. Common Stock,$0.7014,0.001,0.143%,20997923.00,United States,2001,87305,Health Care,Medical/Dental Instruments
RYDE,Ryde Group Ltd. Class A Ordinary Shares,$0.703,0.0218,3.20%,62080402.00,,2024,173020,Real Estate,Real Estate
SACH,Sachem Capital Corp. Common Shares,$0.98,-0.0001,-0.01%,47007829.00,United States,2017,145883,Real Estate,Real Estate Investment Trusts
SACH^A,Sachem Capital Corp. 7.75% Series A Cumulative Redeemable Preferred Stock,$16.60,-0.325,-1.92%,,United States,,11654,,
SBEV,Splash Beverage Group Inc. (NV) Common Stock,$0.4011,-0.0489,-10.867%,1165755.00,,2021,18321789,Consumer Staples,Beverages (Production/Distribution)
SCCD,Sachem Capital Corp. 6.00% Notes due 2026,$24.43,0.0599,0.246%,1156572096.00,United States,,802,Real Estate,Real Estate Investment Trusts
SCCE,Sachem Capital Corp. 6.00% Notes due 2027,$23.40,-0.15,-0.637%,1107809539.00,United States,2022,11100,Real Estate,Real Estate Investment Trusts
SCCF,Sachem Capital Corp. 7.125% Notes due 2027,$23.35,0.07,0.301%,1105442425.00,United States,2022,4925,Real Estate,Real Estate Investment Trusts
SCCG,Sachem Capital Corp. 8.00% Notes due 2027,$23.35,-0.06,-0.256%,1105442425.00,United States,2022,5744,Real Estate,Real Estate Investment Trusts
SEB,Seaboard Corporation Common Stock,$4941.54,-60.45,-1.209%,4732977363.00,United States,1996,19335,Industrials,Farming/Seeds/Milling
SER,Serina Therapeutics Inc. Common Stock,$1.34,-0.12,-8.219%,14452656.00,,2018,75794,Health Care,Biotechnology: Pharmaceutical Preparations
SIF,SIFCO Industries Inc. Common Stock,$14.16,-0.08,-0.562%,88006212.00,United States,1969,33789,Industrials,Aerospace
SIM,Grupo Simec S.A.B. de C.V. American Depositary Shares,$30.80,0.00,0.00%,4732983332.00,Mexico,1998,114,Industrials,Steel/Iron Ore
SLI,Standard Lithium Ltd. Common Shares,$4.12,0.07,1.728%,981701355.00,Canada,2021,1567284,Industrials,Major Chemicals
SLND,Southland Holdings Inc. Common Stock,$0.7224,0.0164,2.323%,39091257.00,United States,,202448,Industrials,Military/Government/Technical
SLSR,Solaris Resources Inc. Common Shares,$8.76,0.00,0.00%,1462017159.00,,2024,92784,,
SMJF,SMJ International Holdings Inc. Class A Ordinary Shares,$3.00,0.28,10.294%,75000000.00,,2025,38464,Consumer Discretionary,RETAIL: Building Materials
SOAR,Volato Group Inc. Class A Common Stock,$0.32,0.0007,0.219%,5197705.00,,2022,808553,Consumer Discretionary,Transportation Services
SRXH,SRX Health Solutions Inc. Common Stock,$0.1515,0.0052,3.554%,45178464.00,,2021,24608148,Consumer Staples,Beverages (Production/Distribution)
STRW,Strawberry Fields REIT Inc. Common Stock,$12.68,-0.14,-1.092%,166362805.00,,2023,17543,Real Estate,Real Estate Investment Trusts
STXS,Stereotaxis Inc. Common Stock,$1.89,-0.02,-1.047%,183800489.00,United States,,265597,Health Care,Biotechnology: Electromedical & Electrotherapeutic Apparatus
SVM,Silvercorp Metals Inc. Common Shares,$10.84,-0.26,-2.342%,2387799526.00,Canada,,3424291,Basic Materials,Precious Metals
SYNX,Silynxcom Ltd. Ordinary Shares,$1.07,-0.06,-5.31%,5657071.00,,2024,177192,Consumer Staples,Consumer Electronics/Appliances
TGB,Taseko Mines Ltd. Common Stock,$6.69,-0.10,-1.473%,2438887334.00,Canada,,4101984,Basic Materials,Precious Metals
TGEN,Tecogen Inc. Common Stock,$2.84,0.09,3.273%,84764000.00,United States,2025,385364,Industrials,Industrial Machinery/Components
THM,International Tower Hill Mines Ltd. Ordinary Shares (Canada),$2.39,-0.14,-5.534%,623975160.00,Canada,,1237370,Basic Materials,Metal Mining
TII,Titan Mining Corporation Common Shares,$3.33,0.03,0.909%,304660937.00,,2025,270950,,
TMDE,TMD Energy Limited Ordinary Shares,$1.31,-0.52,-28.415%,30870150.00,,2025,1806399,Energy,Oil Refining/Marketing
TMP,Tompkins Financial Corporation Common Stock,$73.76,-0.67,-0.90%,1063473524.00,United States,1997,68723,Finance,Major Banks
TMQ,Trilogy Metals Inc. Common Stock,$3.82,-0.09,-2.302%,659124341.00,Canada,,1943208,Basic Materials,Precious Metals
TOON,Kartoon Studios Inc. Common Stock,$0.5449,0.0149,2.811%,29373214.00,United States,,99178,Consumer Discretionary,Movies/Entertainment
TOPP,Toppoint Holdings Inc. Common Stock,$0.715,-0.0245,-3.313%,13871000.00,,2025,31721,Industrials,Trucking Freight/Courier Services
TOPS,TOP Ships Inc. Common Stock,$3.52,0.26,7.975%,16284213.00,Greece,,157601,Consumer Discretionary,Marine Transportation
TOVX,Theriva Biologics Inc. Common Stock,$0.1859,-0.007,-3.629%,8531447.00,United States,,3591506,Health Care,Biotechnology: Pharmaceutical Preparations
TPET,Trio Petroleum Corp. Common Stock,$1.05,-0.11,-9.483%,30719682.00,,2023,14061925,Energy,Oil & Gas Production
TRT,Trio-Tech International Common Stock,$6.33,0.58,10.087%,55385069.00,United States,1998,194785,Technology,Industrial Machinery/Components
TRX,TRX Gold Corporation Common Stock,$1.60,-0.01,-0.621%,461332125.00,Canada,,3164840,Basic Materials,Precious Metals
UAC,United Acquisition Corp. I Class A Ordinary Shares,$9.81,0.00,0.00%,0.00,,2026,8,Finance,Blank Checks
UAVS,AgEagle Aerial Systems Inc. Common Stock,$1.03,0.03,3.00%,41274766.00,United States,,1768823,Industrials,Aerospace
UEC,Uranium Energy Corp. Common Stock,$13.99,0.49,3.63%,6858188754.00,Canada,,7447664,Basic Materials,Other Metals and Minerals
UMAC,Unusual Machines Inc. Common Stock,$20.91,2.30,12.359%,813188039.00,United States,2024,4657956,Technology,Radio And Television Broadcasting And Communications Equipment
URG,Ur Energy Inc Common Shares (Canada),$1.45,0.01,0.694%,576125918.00,Canada,,6492392,Basic Materials,Precious Metals
USAS,Americas Gold and Silver Corporation Common Shares no par value,$7.37,-0.02,-0.271%,2016650174.00,Canada,2017,4249440,Basic Materials,Metal Mining
USBC,USBC Inc. Common Stock,$0.405,0.021,5.469%,157198190.00,,,294178,Industrials,Industrial Machinery/Components
UTG,Reaves Utility Income Fund Common Shares of Beneficial Interest,$41.07,0.35,0.86%,0.00,United States,2004,216349,Finance,Investment Managers
UUU,Universal Safety Products Inc. Common Stock,$6.15,0.30,5.128%,16714390.00,United States,2003,54906,Technology,Electronic Components
UUUU,Energy Fuels Inc Ordinary Shares (Canada),$19.32,0.08,0.416%,4667827920.00,Canada,,6509418,Industrials,Mining & Quarrying of Nonmetallic Minerals (No Fuels)
VENU,Venu Holding Corporation Common Stock,$3.68,0.18,5.143%,157834567.00,United States,2024,428919,Consumer Discretionary,Services-Misc. Amusement & Recreation
VFL,abrdn National Municipal Income Fund Common Stock,$10.15,0.05,0.495%,0.00,United States,1993,16576,Finance,Finance/Investors Services
VGZ,Vista Gold Corp Common Stock,$2.08,0.04,1.961%,301490842.00,United States,1986,1694030,Basic Materials,Precious Metals
VKI,Invesco Advantage Municipal Income Trust II Common Shares of Beneficial Interest (DE),$9.52,0.22,2.366%,422745310.00,United States,1993,171402,Finance,Finance Companies
VNRX,VolitionRX Limited Common Stock,$0.19,0.0037,1.986%,25757412.00,Singapore,2015,656790,Health Care,Biotechnology: In Vitro & In Vivo Diagnostic Substances
VNTG,Vantage Corp Class A Ordinary Shares,$0.88,0.07,8.642%,27929000.00,,2025,59337,Industrials,Integrated Freight & Logistics
VTAK,Catheter Precision Inc. Common Stock,$1.31,-0.10,-7.092%,3087836.00,,2018,269727,Health Care,Medical/Dental Instruments
VZLA,Vizsla Silver Corp. Common Shares,$3.58,-0.05,-1.377%,1251205829.00,Canada,2024,6930436,Basic Materials,Precious Metals
WRN,Western Copper and Gold Corporation Common Stock,$2.73,-0.08,-2.847%,551614043.00,Canada,2011,1159006,Basic Materials,Metal Mining
WWR,Westwater Resources Inc. Common Stock,$0.756,-0.004,-0.526%,89200035.00,United States,,664795,Basic Materials,Metal Mining
WYY,WidePoint Corporation Common Stock,$5.02,0.04,0.803%,49652830.00,United States,,29565,Technology,EDP Services
XPL,Solitario Resources Corp. Common Stock,$0.87,-0.02,-2.247%,80227039.00,United States,,298751,Basic Materials,Precious Metals
XTNT,Xtant Medical Holdings Inc. Common Stock,$0.603,-0.0269,-4.271%,84422557.00,United States,,68608,Health Care,Biotechnology: Biological Products (No Diagnostic Substances)
YCBD,cbdMD Inc. Common Stock,$0.7526,0.0326,4.528%,7898959.00,United States,2017,410605,Consumer Discretionary,Package Goods/Cosmetics
ZDGE,Zedge Inc. Class B Common Stock ,$3.03,0.10,3.413%,39516945.00,,2016,97213,Technology,Computer Software: Prepackaged Software
ZONE,CleanCore Solutions Inc. Class B Common Stock,$0.3447,-0.0083,-2.351%,72578732.00,,2024,1403572,Industrials,Industrial Machinery/Components
